--
-- PostgreSQL database dump
--

-- Dumped from database version 17.2
-- Dumped by pg_dump version 17.2

-- Started on 2026-02-26 15:41:36

SET statement_timeout = 0;
SET lock_timeout = 0;
SET idle_in_transaction_session_timeout = 0;
SET transaction_timeout = 0;
SET client_encoding = 'UTF8';
SET standard_conforming_strings = on;
SELECT pg_catalog.set_config('search_path', '', false);
SET check_function_bodies = false;
SET xmloption = content;
SET client_min_messages = warning;
SET row_security = off;

SET default_tablespace = '';

SET default_table_access_method = heap;

--
-- TOC entry 235 (class 1259 OID 30108)
-- Name: auctions; Type: TABLE; Schema: public; Owner: postgres
--

CREATE TABLE public.auctions (
    id bigint NOT NULL,
    bid_increment numeric(10,2) NOT NULL,
    created_at timestamp(6) without time zone NOT NULL,
    current_price numeric(10,2) NOT NULL,
    end_time timestamp(6) without time zone NOT NULL,
    reserve_price numeric(10,2),
    start_time timestamp(6) without time zone NOT NULL,
    starting_price numeric(10,2) NOT NULL,
    status character varying(20) NOT NULL,
    total_bids integer NOT NULL,
    updated_at timestamp(6) without time zone NOT NULL,
    created_by bigint NOT NULL,
    product_id bigint NOT NULL,
    winner_id bigint,
    CONSTRAINT auctions_status_check CHECK (((status)::text = ANY ((ARRAY['UPCOMING'::character varying, 'ACTIVE'::character varying, 'ENDING_SOON'::character varying, 'ENDED'::character varying, 'CANCELLED'::character varying])::text[])))
);


ALTER TABLE public.auctions OWNER TO postgres;

--
-- TOC entry 234 (class 1259 OID 30107)
-- Name: auctions_id_seq; Type: SEQUENCE; Schema: public; Owner: postgres
--

ALTER TABLE public.auctions ALTER COLUMN id ADD GENERATED BY DEFAULT AS IDENTITY (
    SEQUENCE NAME public.auctions_id_seq
    START WITH 1
    INCREMENT BY 1
    NO MINVALUE
    NO MAXVALUE
    CACHE 1
);


--
-- TOC entry 237 (class 1259 OID 30115)
-- Name: bids; Type: TABLE; Schema: public; Owner: postgres
--

CREATE TABLE public.bids (
    id bigint NOT NULL,
    amount numeric(10,2) NOT NULL,
    auto_extend boolean NOT NULL,
    bid_time timestamp(6) without time zone NOT NULL,
    is_winning boolean NOT NULL,
    auction_id bigint NOT NULL,
    user_id bigint NOT NULL
);


ALTER TABLE public.bids OWNER TO postgres;

--
-- TOC entry 236 (class 1259 OID 30114)
-- Name: bids_id_seq; Type: SEQUENCE; Schema: public; Owner: postgres
--

ALTER TABLE public.bids ALTER COLUMN id ADD GENERATED BY DEFAULT AS IDENTITY (
    SEQUENCE NAME public.bids_id_seq
    START WITH 1
    INCREMENT BY 1
    NO MINVALUE
    NO MAXVALUE
    CACHE 1
);


--
-- TOC entry 223 (class 1259 OID 29976)
-- Name: cart; Type: TABLE; Schema: public; Owner: postgres
--

CREATE TABLE public.cart (
    id bigint NOT NULL,
    added_at timestamp(6) without time zone,
    quantity integer NOT NULL,
    size character varying(255),
    updated_at timestamp(6) without time zone,
    product_id bigint NOT NULL,
    user_id bigint NOT NULL
);


ALTER TABLE public.cart OWNER TO postgres;

--
-- TOC entry 222 (class 1259 OID 29975)
-- Name: cart_id_seq; Type: SEQUENCE; Schema: public; Owner: postgres
--

ALTER TABLE public.cart ALTER COLUMN id ADD GENERATED BY DEFAULT AS IDENTITY (
    SEQUENCE NAME public.cart_id_seq
    START WITH 1
    INCREMENT BY 1
    NO MINVALUE
    NO MAXVALUE
    CACHE 1
);


--
-- TOC entry 238 (class 1259 OID 30147)
-- Name: chat_message; Type: TABLE; Schema: public; Owner: postgres
--

CREATE TABLE public.chat_message (
    id bigint NOT NULL,
    intent character varying(255),
    message character varying(255),
    response character varying(255),
    session_id character varying(255),
    "timestamp" timestamp(6) without time zone,
    user_id bigint
);


ALTER TABLE public.chat_message OWNER TO postgres;

--
-- TOC entry 239 (class 1259 OID 30154)
-- Name: chat_message_seq; Type: SEQUENCE; Schema: public; Owner: postgres
--

CREATE SEQUENCE public.chat_message_seq
    START WITH 1
    INCREMENT BY 50
    NO MINVALUE
    NO MAXVALUE
    CACHE 1;


ALTER SEQUENCE public.chat_message_seq OWNER TO postgres;

--
-- TOC entry 229 (class 1259 OID 30062)
-- Name: order_items; Type: TABLE; Schema: public; Owner: postgres
--

CREATE TABLE public.order_items (
    id bigint NOT NULL,
    image character varying(500),
    name character varying(255) NOT NULL,
    price double precision NOT NULL,
    quantity integer NOT NULL,
    size character varying(255),
    order_id bigint NOT NULL,
    product_id bigint NOT NULL
);


ALTER TABLE public.order_items OWNER TO postgres;

--
-- TOC entry 228 (class 1259 OID 30061)
-- Name: order_items_id_seq; Type: SEQUENCE; Schema: public; Owner: postgres
--

ALTER TABLE public.order_items ALTER COLUMN id ADD GENERATED BY DEFAULT AS IDENTITY (
    SEQUENCE NAME public.order_items_id_seq
    START WITH 1
    INCREMENT BY 1
    NO MINVALUE
    NO MAXVALUE
    CACHE 1
);


--
-- TOC entry 231 (class 1259 OID 30070)
-- Name: orders; Type: TABLE; Schema: public; Owner: postgres
--

CREATE TABLE public.orders (
    id bigint NOT NULL,
    created_at timestamp(6) without time zone,
    delivery_type character varying(255) NOT NULL,
    expected_delivery date,
    order_date date NOT NULL,
    order_number character varying(255) NOT NULL,
    payment_status character varying(255),
    pickup_store_address character varying(255),
    pickup_store_city character varying(255),
    pickup_store_name character varying(255),
    pickup_store_phone character varying(255),
    razorpay_order_id character varying(255),
    razorpay_payment_id character varying(255),
    razorpay_signature character varying(255),
    address character varying(500),
    city character varying(255),
    email character varying(255),
    landmark character varying(255),
    name character varying(255),
    phone character varying(255),
    pincode character varying(255),
    state character varying(255),
    status character varying(255) NOT NULL,
    total double precision NOT NULL,
    updated_at timestamp(6) without time zone,
    user_id bigint NOT NULL
);


ALTER TABLE public.orders OWNER TO postgres;

--
-- TOC entry 230 (class 1259 OID 30069)
-- Name: orders_id_seq; Type: SEQUENCE; Schema: public; Owner: postgres
--

ALTER TABLE public.orders ALTER COLUMN id ADD GENERATED BY DEFAULT AS IDENTITY (
    SEQUENCE NAME public.orders_id_seq
    START WITH 1
    INCREMENT BY 1
    NO MINVALUE
    NO MAXVALUE
    CACHE 1
);


--
-- TOC entry 218 (class 1259 OID 29926)
-- Name: products; Type: TABLE; Schema: public; Owner: postgres
--

CREATE TABLE public.products (
    id bigint NOT NULL,
    category character varying(255),
    description character varying(2000),
    name character varying(255) NOT NULL,
    price double precision NOT NULL,
    stock integer,
    availability character varying(255),
    badge character varying(255),
    created_at timestamp(6) without time zone,
    discount integer,
    features character varying(1000),
    image character varying(500),
    images character varying(1000),
    metal character varying(255) NOT NULL,
    original_price double precision NOT NULL,
    rating double precision,
    reviews integer,
    sizes character varying(500),
    sku character varying(255) NOT NULL,
    specifications character varying(2000),
    stock_quantity integer,
    stone character varying(255),
    updated_at timestamp(6) without time zone
);


ALTER TABLE public.products OWNER TO postgres;

--
-- TOC entry 217 (class 1259 OID 29925)
-- Name: products_id_seq; Type: SEQUENCE; Schema: public; Owner: postgres
--

ALTER TABLE public.products ALTER COLUMN id ADD GENERATED BY DEFAULT AS IDENTITY (
    SEQUENCE NAME public.products_id_seq
    START WITH 1
    INCREMENT BY 1
    NO MINVALUE
    NO MAXVALUE
    CACHE 1
);


--
-- TOC entry 227 (class 1259 OID 30028)
-- Name: stores; Type: TABLE; Schema: public; Owner: postgres
--

CREATE TABLE public.stores (
    id bigint NOT NULL,
    active boolean,
    address character varying(500) NOT NULL,
    city character varying(255) NOT NULL,
    created_at timestamp(6) without time zone,
    email character varying(255),
    latitude double precision,
    longitude double precision,
    name character varying(255) NOT NULL,
    opening_hours character varying(255),
    phone character varying(255) NOT NULL,
    pincode character varying(255) NOT NULL,
    state character varying(255) NOT NULL,
    updated_at timestamp(6) without time zone,
    working_days character varying(255)
);


ALTER TABLE public.stores OWNER TO postgres;

--
-- TOC entry 226 (class 1259 OID 30027)
-- Name: stores_id_seq; Type: SEQUENCE; Schema: public; Owner: postgres
--

ALTER TABLE public.stores ALTER COLUMN id ADD GENERATED BY DEFAULT AS IDENTITY (
    SEQUENCE NAME public.stores_id_seq
    START WITH 1
    INCREMENT BY 1
    NO MINVALUE
    NO MAXVALUE
    CACHE 1
);


--
-- TOC entry 233 (class 1259 OID 30078)
-- Name: tracking_steps; Type: TABLE; Schema: public; Owner: postgres
--

CREATE TABLE public.tracking_steps (
    id bigint NOT NULL,
    completed boolean NOT NULL,
    current boolean,
    date date NOT NULL,
    description character varying(500),
    icon character varying(255),
    status character varying(255) NOT NULL,
    "time" character varying(255) NOT NULL,
    "timestamp" timestamp(6) without time zone,
    order_id bigint NOT NULL
);


ALTER TABLE public.tracking_steps OWNER TO postgres;

--
-- TOC entry 232 (class 1259 OID 30077)
-- Name: tracking_steps_id_seq; Type: SEQUENCE; Schema: public; Owner: postgres
--

ALTER TABLE public.tracking_steps ALTER COLUMN id ADD GENERATED BY DEFAULT AS IDENTITY (
    SEQUENCE NAME public.tracking_steps_id_seq
    START WITH 1
    INCREMENT BY 1
    NO MINVALUE
    NO MAXVALUE
    CACHE 1
);


--
-- TOC entry 219 (class 1259 OID 29933)
-- Name: user_roles; Type: TABLE; Schema: public; Owner: postgres
--

CREATE TABLE public.user_roles (
    user_id bigint NOT NULL,
    role character varying(255)
);


ALTER TABLE public.user_roles OWNER TO postgres;

--
-- TOC entry 221 (class 1259 OID 29937)
-- Name: users; Type: TABLE; Schema: public; Owner: postgres
--

CREATE TABLE public.users (
    id bigint NOT NULL,
    email character varying(255) NOT NULL,
    enabled boolean NOT NULL,
    password character varying(255) NOT NULL,
    username character varying(255) NOT NULL,
    phone character varying(255),
    created_at timestamp(6) without time zone
);


ALTER TABLE public.users OWNER TO postgres;

--
-- TOC entry 220 (class 1259 OID 29936)
-- Name: users_id_seq; Type: SEQUENCE; Schema: public; Owner: postgres
--

ALTER TABLE public.users ALTER COLUMN id ADD GENERATED BY DEFAULT AS IDENTITY (
    SEQUENCE NAME public.users_id_seq
    START WITH 1
    INCREMENT BY 1
    NO MINVALUE
    NO MAXVALUE
    CACHE 1
);


--
-- TOC entry 225 (class 1259 OID 29982)
-- Name: wishlist; Type: TABLE; Schema: public; Owner: postgres
--

CREATE TABLE public.wishlist (
    id bigint NOT NULL,
    added_at timestamp(6) without time zone,
    product_id bigint NOT NULL,
    user_id bigint NOT NULL
);


ALTER TABLE public.wishlist OWNER TO postgres;

--
-- TOC entry 224 (class 1259 OID 29981)
-- Name: wishlist_id_seq; Type: SEQUENCE; Schema: public; Owner: postgres
--

ALTER TABLE public.wishlist ALTER COLUMN id ADD GENERATED BY DEFAULT AS IDENTITY (
    SEQUENCE NAME public.wishlist_id_seq
    START WITH 1
    INCREMENT BY 1
    NO MINVALUE
    NO MAXVALUE
    CACHE 1
);


--
-- TOC entry 5011 (class 0 OID 30108)
-- Dependencies: 235
-- Data for Name: auctions; Type: TABLE DATA; Schema: public; Owner: postgres
--

COPY public.auctions (id, bid_increment, created_at, current_price, end_time, reserve_price, start_time, starting_price, status, total_bids, updated_at, created_by, product_id, winner_id) FROM stdin;
3	5000.00	2026-02-22 21:47:41.578132	90000.00	2026-02-24 21:47:00	1000000.00	2026-02-22 22:47:00	90000.00	ENDED	0	2026-02-26 14:20:04.013997	2	9	\N
\.


--
-- TOC entry 5013 (class 0 OID 30115)
-- Dependencies: 237
-- Data for Name: bids; Type: TABLE DATA; Schema: public; Owner: postgres
--

COPY public.bids (id, amount, auto_extend, bid_time, is_winning, auction_id, user_id) FROM stdin;
\.


--
-- TOC entry 4999 (class 0 OID 29976)
-- Dependencies: 223
-- Data for Name: cart; Type: TABLE DATA; Schema: public; Owner: postgres
--

COPY public.cart (id, added_at, quantity, size, updated_at, product_id, user_id) FROM stdin;
\.


--
-- TOC entry 5014 (class 0 OID 30147)
-- Dependencies: 238
-- Data for Name: chat_message; Type: TABLE DATA; Schema: public; Owner: postgres
--

COPY public.chat_message (id, intent, message, response, session_id, "timestamp", user_id) FROM stdin;
\.


--
-- TOC entry 5005 (class 0 OID 30062)
-- Dependencies: 229
-- Data for Name: order_items; Type: TABLE DATA; Schema: public; Owner: postgres
--

COPY public.order_items (id, image, name, price, quantity, size, order_id, product_id) FROM stdin;
24	/uploads/products/db2e3133-dfa3-4a00-a129-7a9da7cf7886.jpg	Eternal Diamond Solitaire Ring	89999	1	5	24	9
25	/uploads/products/db2e3133-dfa3-4a00-a129-7a9da7cf7886.jpg	Eternal Diamond Solitaire Ring	89999	1	5	25	9
26	/uploads/products/5a4abe54-4f8f-4b70-afe6-53c5642a3710.jpg	Diamond Ring	30000	1	7	26	10
27	\N	as	7878	1	7	27	12
28	/uploads/products/911a66e9-2b4b-4b52-be1b-31befd1c6abf.jpg	Ruby Gold Necklace	5000	1	7	28	11
29	/uploads/products/c9d01b51-0724-4463-b00b-d7c570cafa99.jpg	Rose Gold Earning	5000	1	7	29	13
30	/uploads/products/7f4dbeaa-46cc-44d2-abf7-25d0d9b1a1c9.jpg	Sapphire Engagement Ring	59000	1	7	30	14
31	/uploads/products/911a66e9-2b4b-4b52-be1b-31befd1c6abf.jpg	Ruby Gold Necklace	5000	1	\N	31	11
32	/uploads/products/c9d01b51-0724-4463-b00b-d7c570cafa99.jpg	Rose Gold Earning	5000	1	7	32	13
33	/uploads/products/c9d01b51-0724-4463-b00b-d7c570cafa99.jpg	Rose Gold Earning	5000	2	7	33	13
\.


--
-- TOC entry 5007 (class 0 OID 30070)
-- Dependencies: 231
-- Data for Name: orders; Type: TABLE DATA; Schema: public; Owner: postgres
--

COPY public.orders (id, created_at, delivery_type, expected_delivery, order_date, order_number, payment_status, pickup_store_address, pickup_store_city, pickup_store_name, pickup_store_phone, razorpay_order_id, razorpay_payment_id, razorpay_signature, address, city, email, landmark, name, phone, pincode, state, status, total, updated_at, user_id) FROM stdin;
24	2026-02-19 15:28:34.901099	HOME_DELIVERY	2026-02-24	2026-02-19	SC260219001	FAILED	\N	\N	\N	\N	order_SHxm7y30T96AlP	\N	\N	K/901 , Royal Garden	Virar	darshanmali44444@gmail.com	Near Acropolis	Darshan Mali	8799959630	401303	Maharashtra	Order Failed	89999	2026-02-19 15:29:18.171918	3
25	2026-02-19 15:29:34.705005	STORE_PICKUP	2026-02-24	2026-02-19	SC260219002	FAILED	123 MG Road, Fort	Mumbai	ShineCart Mumbai - MG Road	+91 22 2266 7890	order_SHxnAklhQ9SXe4	\N	\N	\N	\N	\N	\N	\N	\N	\N	\N	Order Failed	89999	2026-02-19 15:40:53.06772	3
26	2026-02-20 09:37:56.903749	STORE_PICKUP	2026-02-25	2026-02-20	SC260220003	FAILED	123 MG Road, Fort	Mumbai	ShineCart Mumbai - MG Road	+91 22 2266 7890	order_SIGKu5r1B2QaOo	\N	\N	\N	\N	\N	\N	\N	\N	\N	\N	Order Failed	30000	2026-02-20 09:40:03.815439	3
31	2026-02-23 01:28:34.47117	STORE_PICKUP	2026-02-28	2026-02-23	SC260223008	SUCCESS	123 MG Road, Fort	Mumbai	ShineCart Mumbai - MG Road	+91 22 2266 7890	order_SJJbIELTk52CRt	pay_SJJbRmn3f92f63	816a4322e75165f89b6270f9ca93a6f50aab3e050436b3b60e9b2165afa41a4d	\N	\N	\N	\N	\N	\N	\N	\N	Processing	5000	2026-02-23 01:29:01.729285	3
27	2026-02-20 09:41:02.872885	STORE_PICKUP	2026-02-25	2026-02-20	SC260220004	SUCCESS	123 MG Road, Fort	Mumbai	ShineCart Mumbai - MG Road	+91 22 2266 7890	order_SIGOAzeQyhYTKJ	pay_SIGOKeSGT21ktk	56644ead270a47ac97faccb3cbe58e3b818dc0dae044d6eff9414c92c7680953	\N	\N	\N	\N	\N	\N	\N	\N	Processing	7878	2026-02-20 09:41:35.452419	3
32	2026-02-24 09:44:35.701046	STORE_PICKUP	2026-03-01	2026-02-24	SC260224009	FAILED	123 MG Road, Fort	Mumbai	ShineCart Mumbai - MG Road	+91 22 2266 7890	order_SJqaP2iP21MoWG	\N	\N	\N	\N	\N	\N	\N	\N	\N	\N	Order Failed	5000	2026-02-24 09:44:56.770442	3
28	2026-02-21 13:32:03.630118	STORE_PICKUP	2026-02-21	2026-02-21	SC260221005	SUCCESS	456 Linking Road, Bandra West	Mumbai	ShineCart Mumbai - Bandra	+91 22 2644 5678	order_SIirIk2TrUQMrx	pay_SIirRIFAhLhx21	9750a68d93e171b2b2eaf2ff94ab3b681ac72653f04f4e0046e98f3b42c99fdb	\N	\N	\N	\N	\N	\N	\N	\N	Delivered	5000	2026-02-21 13:34:44.404715	3
33	2026-02-24 09:45:51.616554	STORE_PICKUP	2026-03-01	2026-02-24	SC260224010	SUCCESS	123 MG Road, Fort	Mumbai	ShineCart Mumbai - MG Road	+91 22 2266 7890	order_SJqbihw3mIamg5	pay_SJqbpaTeJGY8e2	a5cd6c479e06d1352a66012b04b3f8c2350803c32581d3fb6780ee1af4906391	\N	\N	\N	\N	\N	\N	\N	\N	Processing	10000	2026-02-24 09:46:21.936048	3
29	2026-02-21 13:49:10.624025	STORE_PICKUP	2026-02-22	2026-02-21	SC260221006	SUCCESS	789 Connaught Place, Block A	New Delhi	ShineCart Delhi - Connaught Place	+91 11 4567 8901	order_SIj9Q23frE3xg2	pay_SIj9WLPWvnINzc	f6e5c0fec3797bc0a26fb8d7009020aca6238edc47431f0d293dd922ddc90d28	\N	\N	\N	\N	\N	\N	\N	\N	Delivered	5000	2026-02-22 21:34:05.873057	3
30	2026-02-23 01:22:09.588467	STORE_PICKUP	2026-02-28	2026-02-23	SC260223007	FAILED	123 MG Road, Fort	Mumbai	ShineCart Mumbai - MG Road	+91 22 2266 7890	order_SJJUWLn4bbklDA	\N	\N	\N	\N	\N	\N	\N	\N	\N	\N	Order Failed	59000	2026-02-23 01:23:38.578572	3
\.


--
-- TOC entry 4994 (class 0 OID 29926)
-- Dependencies: 218
-- Data for Name: products; Type: TABLE DATA; Schema: public; Owner: postgres
--

COPY public.products (id, category, description, name, price, stock, availability, badge, created_at, discount, features, image, images, metal, original_price, rating, reviews, sizes, sku, specifications, stock_quantity, stone, updated_at) FROM stdin;
13	Earrings	A rose gold earring	Rose Gold Earning	5000	\N	In Stock	Trending	2026-02-20 09:47:37.95344	-25	["IGI Certified"]	/uploads/products/c9d01b51-0724-4463-b00b-d7c570cafa99.jpg	/uploads/products/c9d01b51-0724-4463-b00b-d7c570cafa99.jpg	Rose Gold	5000	0	0	5,6,7,8	GR-002	[{"label":"Gold Purity","value":"Gold 750"}]	13	Pearl	2026-02-24 09:45:51.620025
10	Earrings	Classic diamond stud earrings, 1 carat each. Perfect for any occasion.	Diamond Earrings	30000	\N	In Stock	New Arrival	2026-02-20 09:06:43.041203	20	["IGI Certified","Lifetime Exchange"]	/uploads/products/5a4abe54-4f8f-4b70-afe6-53c5642a3710.jpg	/uploads/products/5a4abe54-4f8f-4b70-afe6-53c5642a3710.jpg	Platinum	24000	0	0	5,6,7,8	DR-002	[{"label":"Total Diamond Weight","value":"1.0 ct"},{"label":"Clarity","value":"VS2"}]	10	Diamond	2026-02-22 21:33:46.771692
9	Rings	Stunning 1-carat diamond solitaire ring in platinum setting. Perfect for engagements and special occasions.	Eternal Diamond Solitaire Ring	89999	\N	In Auction	Best Seller	2026-02-19 15:23:41.745827	10	["Lifetime Exchange","Free Resizing"]	/uploads/products/db2e3133-dfa3-4a00-a129-7a9da7cf7886.jpg	/uploads/products/db2e3133-dfa3-4a00-a129-7a9da7cf7886.jpg	Platinum	99999	0	0	5,6,7,8,9	DR-001	[{"label":"Metal Purity","value":"Platinum 950"},{"label":"Diamond Weight","value":"1.0 ct"}]	15	Diamond	2026-02-22 21:47:41.592559
14	Rings	Brilliant blue sapphire surrounded by diamond halo in white gold setting.	Sapphire Engagement Ring	59000	\N	Limited Stock	Exclusive	2026-02-22 21:31:55.450198	0	["18k White Gold","Natural Sapphire"]	/uploads/products/7f4dbeaa-46cc-44d2-abf7-25d0d9b1a1c9.jpg	/uploads/products/7f4dbeaa-46cc-44d2-abf7-25d0d9b1a1c9.jpg	White Gold	59000	0	0	5,6,7,8	SR-001	[{"label":"Sapphire Weight","value":"1.5 ct"},{"label":"Metal Purity","value":"18k"}]	4	Sapphire	2026-02-23 01:23:38.580983
12	Rings		as	7878	\N	Out of Stock	\N	2026-02-20 09:40:42.421391	7	[]	\N	\N	Gold	787	0	0	5,6,7	sd	[]	4	\N	2026-02-20 09:42:16.785159
11	Necklaces	A Gold Ruby Necklace	Ruby Gold Necklace	5000	\N	In Stock	Sale	2026-02-20 09:09:30.606812	10	["IGI Certified"]	/uploads/products/911a66e9-2b4b-4b52-be1b-31befd1c6abf.jpg	/uploads/products/911a66e9-2b4b-4b52-be1b-31befd1c6abf.jpg	Gold	4500	0	0	5,6,7,8	GN-001	[{"label":"Purity","value":"Gold 750"}]	9	Ruby	2026-02-23 01:28:34.478086
\.


--
-- TOC entry 5003 (class 0 OID 30028)
-- Dependencies: 227
-- Data for Name: stores; Type: TABLE DATA; Schema: public; Owner: postgres
--

COPY public.stores (id, active, address, city, created_at, email, latitude, longitude, name, opening_hours, phone, pincode, state, updated_at, working_days) FROM stdin;
1	t	123 MG Road, Fort	Mumbai	2026-02-13 18:19:40.035529	mumbai@shinecart.com	19.076	72.8777	ShineCart Mumbai - MG Road	10:00 AM - 8:00 PM	+91 22 2266 7890	400001	Maharashtra	2026-02-13 18:19:40.035529	Mon-Sat
2	t	456 Linking Road, Bandra West	Mumbai	2026-02-13 18:19:40.035529	bandra@shinecart.com	19.0596	72.8295	ShineCart Mumbai - Bandra	10:00 AM - 9:00 PM	+91 22 2644 5678	400050	Maharashtra	2026-02-13 18:19:40.035529	Mon-Sun
3	t	789 Connaught Place, Block A	New Delhi	2026-02-13 18:19:40.035529	delhi@shinecart.com	28.6315	77.2167	ShineCart Delhi - Connaught Place	10:00 AM - 8:00 PM	+91 11 4567 8901	110001	Delhi	2026-02-13 18:19:40.035529	Mon-Sat
4	t	321 100 Feet Road, Indiranagar	Bangalore	2026-02-13 18:19:40.035529	bangalore@shinecart.com	12.9716	77.5946	ShineCart Bangalore - Indiranagar	10:00 AM - 8:30 PM	+91 80 4123 4567	560038	Karnataka	2026-02-13 18:19:40.035529	Mon-Sat
5	t	654 North Main Road, Koregaon Park	Pune	2026-02-13 18:19:40.035529	pune@shinecart.com	18.5362	73.8958	ShineCart Pune - Koregaon Park	10:00 AM - 8:00 PM	+91 20 2615 7890	411001	Maharashtra	2026-02-13 18:19:40.035529	Mon-Sat
\.


--
-- TOC entry 5009 (class 0 OID 30078)
-- Dependencies: 233
-- Data for Name: tracking_steps; Type: TABLE DATA; Schema: public; Owner: postgres
--

COPY public.tracking_steps (id, completed, current, date, description, icon, status, "time", "timestamp", order_id) FROM stdin;
55	t	f	2026-02-21	Your order has been confirmed and is being prepared	CheckCircle	Order Placed	1:32 pm	2026-02-21 13:32:03.638386	28
57	t	t	2026-02-21		CheckCircle	Delivered	1:34 pm	2026-02-21 13:34:44.401715	28
56	t	f	2026-02-21	Items are being prepared and quality checked	Package	Processing	1:32 pm	2026-02-21 13:32:27.111918	28
58	t	f	2026-02-21	Your order has been confirmed and is being prepared	CheckCircle	Order Placed	1:49 pm	2026-02-21 13:49:10.627569	29
59	t	f	2026-02-21	Items are being prepared and quality checked	Package	Processing	1:49 pm	2026-02-21 13:49:34.734598	29
60	t	f	2026-02-21		Package	Cancelled	1:50 pm	2026-02-21 13:50:11.073831	29
61	t	f	2026-02-21		Package	Cancelled	1:57 pm	2026-02-21 13:57:46.00453	29
62	t	f	2026-02-21		CheckCircle	Delivered	1:58 pm	2026-02-21 13:58:04.078694	29
63	t	f	2026-02-21		Package	Cancelled	1:58 pm	2026-02-21 13:58:08.417108	29
65	t	t	2026-02-22		CheckCircle	Delivered	9:34 pm	2026-02-22 21:34:05.854366	29
64	t	f	2026-02-21		Package	Cancelled	2:00 pm	2026-02-21 14:00:53.37568	29
66	t	t	2026-02-23	Your order has been confirmed and is being prepared	CheckCircle	Order Placed	1:22 am	2026-02-23 01:22:09.610516	30
68	t	t	2026-02-23	Items are being prepared and quality checked	Package	Processing	1:28 am	2026-02-23 01:28:57.511976	31
67	t	f	2026-02-23	Your order has been confirmed and is being prepared	CheckCircle	Order Placed	1:28 am	2026-02-23 01:28:34.475411	31
69	t	t	2026-02-24	Your order has been confirmed and is being prepared	CheckCircle	Order Placed	9:44 am	2026-02-24 09:44:35.705787	32
71	t	t	2026-02-24	Items are being prepared and quality checked	Package	Processing	9:46 am	2026-02-24 09:46:13.92075	33
50	t	t	2026-02-19	Your order has been confirmed and is being prepared	CheckCircle	Order Placed	3:28 pm	2026-02-19 15:28:34.911413	24
51	t	t	2026-02-19	Your order has been confirmed and is being prepared	CheckCircle	Order Placed	3:29 pm	2026-02-19 15:29:34.710176	25
52	t	t	2026-02-20	Your order has been confirmed and is being prepared	CheckCircle	Order Placed	9:37 am	2026-02-20 09:37:56.919203	26
54	t	t	2026-02-20	Items are being prepared and quality checked	Package	Processing	9:41 am	2026-02-20 09:41:29.219575	27
53	t	f	2026-02-20	Your order has been confirmed and is being prepared	CheckCircle	Order Placed	9:41 am	2026-02-20 09:41:02.872885	27
70	t	f	2026-02-24	Your order has been confirmed and is being prepared	CheckCircle	Order Placed	9:45 am	2026-02-24 09:45:51.620025	33
\.


--
-- TOC entry 4995 (class 0 OID 29933)
-- Dependencies: 219
-- Data for Name: user_roles; Type: TABLE DATA; Schema: public; Owner: postgres
--

COPY public.user_roles (user_id, role) FROM stdin;
1	ROLE_USER
2	ROLE_ADMIN
3	ROLE_USER
4	ROLE_USER
8	ROLE_USER
\.


--
-- TOC entry 4997 (class 0 OID 29937)
-- Dependencies: 221
-- Data for Name: users; Type: TABLE DATA; Schema: public; Owner: postgres
--

COPY public.users (id, email, enabled, password, username, phone, created_at) FROM stdin;
2	admin@gmail.com	t	$2a$10$K5TE.QeHUJOplJlOd1kvSehM8ZvqvhxOKtVuNnSz4ECh7zn7XbLKu	admin	8799959634	\N
8	darshandev2005@gmail.com	t	$2a$10$WCOR.Ui/kRylUts0dZmuVecgvLIQHC8/IKWgArBtQvzYozr4MKyxS	Darshan's	9898989898	\N
1	darshan@example.com	f	$2a$10$cYNXay6r6zvUeYcx.fGF3uCzl2bPEPWraBb6HAQ7kGz9E6NBBYTmW	darshan	\N	\N
4	darshanmali@gmail.com	f	$2a$10$7eBbnD6UfkX2zQUfrgPt2.SFiQhPaMAwjCtwWTYsczZqbG5P/zrEK	Darshan Mali	5454545454	\N
3	darshanmali44444@gmail.com	t	$2a$10$oLqU4gZn6EojzwJc/oxiIuZSoIfI7GyBU6uabPtDs5K0wxtBkfvfu	Darshan	5454545454	\N
\.


--
-- TOC entry 5001 (class 0 OID 29982)
-- Dependencies: 225
-- Data for Name: wishlist; Type: TABLE DATA; Schema: public; Owner: postgres
--

COPY public.wishlist (id, added_at, product_id, user_id) FROM stdin;
\.


--
-- TOC entry 5021 (class 0 OID 0)
-- Dependencies: 234
-- Name: auctions_id_seq; Type: SEQUENCE SET; Schema: public; Owner: postgres
--

SELECT pg_catalog.setval('public.auctions_id_seq', 3, true);


--
-- TOC entry 5022 (class 0 OID 0)
-- Dependencies: 236
-- Name: bids_id_seq; Type: SEQUENCE SET; Schema: public; Owner: postgres
--

SELECT pg_catalog.setval('public.bids_id_seq', 8, true);


--
-- TOC entry 5023 (class 0 OID 0)
-- Dependencies: 222
-- Name: cart_id_seq; Type: SEQUENCE SET; Schema: public; Owner: postgres
--

SELECT pg_catalog.setval('public.cart_id_seq', 53, true);


--
-- TOC entry 5024 (class 0 OID 0)
-- Dependencies: 239
-- Name: chat_message_seq; Type: SEQUENCE SET; Schema: public; Owner: postgres
--

SELECT pg_catalog.setval('public.chat_message_seq', 1, false);


--
-- TOC entry 5025 (class 0 OID 0)
-- Dependencies: 228
-- Name: order_items_id_seq; Type: SEQUENCE SET; Schema: public; Owner: postgres
--

SELECT pg_catalog.setval('public.order_items_id_seq', 33, true);


--
-- TOC entry 5026 (class 0 OID 0)
-- Dependencies: 230
-- Name: orders_id_seq; Type: SEQUENCE SET; Schema: public; Owner: postgres
--

SELECT pg_catalog.setval('public.orders_id_seq', 33, true);


--
-- TOC entry 5027 (class 0 OID 0)
-- Dependencies: 217
-- Name: products_id_seq; Type: SEQUENCE SET; Schema: public; Owner: postgres
--

SELECT pg_catalog.setval('public.products_id_seq', 14, true);


--
-- TOC entry 5028 (class 0 OID 0)
-- Dependencies: 226
-- Name: stores_id_seq; Type: SEQUENCE SET; Schema: public; Owner: postgres
--

SELECT pg_catalog.setval('public.stores_id_seq', 5, true);


--
-- TOC entry 5029 (class 0 OID 0)
-- Dependencies: 232
-- Name: tracking_steps_id_seq; Type: SEQUENCE SET; Schema: public; Owner: postgres
--

SELECT pg_catalog.setval('public.tracking_steps_id_seq', 71, true);


--
-- TOC entry 5030 (class 0 OID 0)
-- Dependencies: 220
-- Name: users_id_seq; Type: SEQUENCE SET; Schema: public; Owner: postgres
--

SELECT pg_catalog.setval('public.users_id_seq', 8, true);


--
-- TOC entry 5031 (class 0 OID 0)
-- Dependencies: 224
-- Name: wishlist_id_seq; Type: SEQUENCE SET; Schema: public; Owner: postgres
--

SELECT pg_catalog.setval('public.wishlist_id_seq', 16, true);


--
-- TOC entry 4826 (class 2606 OID 30113)
-- Name: auctions auctions_pkey; Type: CONSTRAINT; Schema: public; Owner: postgres
--

ALTER TABLE ONLY public.auctions
    ADD CONSTRAINT auctions_pkey PRIMARY KEY (id);


--
-- TOC entry 4828 (class 2606 OID 30119)
-- Name: bids bids_pkey; Type: CONSTRAINT; Schema: public; Owner: postgres
--

ALTER TABLE ONLY public.bids
    ADD CONSTRAINT bids_pkey PRIMARY KEY (id);


--
-- TOC entry 4808 (class 2606 OID 29980)
-- Name: cart cart_pkey; Type: CONSTRAINT; Schema: public; Owner: postgres
--

ALTER TABLE ONLY public.cart
    ADD CONSTRAINT cart_pkey PRIMARY KEY (id);


--
-- TOC entry 4832 (class 2606 OID 30153)
-- Name: chat_message chat_message_pkey; Type: CONSTRAINT; Schema: public; Owner: postgres
--

ALTER TABLE ONLY public.chat_message
    ADD CONSTRAINT chat_message_pkey PRIMARY KEY (id);


--
-- TOC entry 4818 (class 2606 OID 30068)
-- Name: order_items order_items_pkey; Type: CONSTRAINT; Schema: public; Owner: postgres
--

ALTER TABLE ONLY public.order_items
    ADD CONSTRAINT order_items_pkey PRIMARY KEY (id);


--
-- TOC entry 4820 (class 2606 OID 30076)
-- Name: orders orders_pkey; Type: CONSTRAINT; Schema: public; Owner: postgres
--

ALTER TABLE ONLY public.orders
    ADD CONSTRAINT orders_pkey PRIMARY KEY (id);


--
-- TOC entry 4798 (class 2606 OID 29932)
-- Name: products products_pkey; Type: CONSTRAINT; Schema: public; Owner: postgres
--

ALTER TABLE ONLY public.products
    ADD CONSTRAINT products_pkey PRIMARY KEY (id);


--
-- TOC entry 4816 (class 2606 OID 30034)
-- Name: stores stores_pkey; Type: CONSTRAINT; Schema: public; Owner: postgres
--

ALTER TABLE ONLY public.stores
    ADD CONSTRAINT stores_pkey PRIMARY KEY (id);


--
-- TOC entry 4824 (class 2606 OID 30084)
-- Name: tracking_steps tracking_steps_pkey; Type: CONSTRAINT; Schema: public; Owner: postgres
--

ALTER TABLE ONLY public.tracking_steps
    ADD CONSTRAINT tracking_steps_pkey PRIMARY KEY (id);


--
-- TOC entry 4802 (class 2606 OID 29945)
-- Name: users uk6dotkott2kjsp8vw4d0m25fb7; Type: CONSTRAINT; Schema: public; Owner: postgres
--

ALTER TABLE ONLY public.users
    ADD CONSTRAINT uk6dotkott2kjsp8vw4d0m25fb7 UNIQUE (email);


--
-- TOC entry 4800 (class 2606 OID 29974)
-- Name: products ukfhmd06dsmj6k0n90swsh8ie9g; Type: CONSTRAINT; Schema: public; Owner: postgres
--

ALTER TABLE ONLY public.products
    ADD CONSTRAINT ukfhmd06dsmj6k0n90swsh8ie9g UNIQUE (sku);


--
-- TOC entry 4810 (class 2606 OID 29988)
-- Name: cart ukmg7gch7630wv3d0mif6gtnsy0; Type: CONSTRAINT; Schema: public; Owner: postgres
--

ALTER TABLE ONLY public.cart
    ADD CONSTRAINT ukmg7gch7630wv3d0mif6gtnsy0 UNIQUE (user_id, product_id);


--
-- TOC entry 4822 (class 2606 OID 30086)
-- Name: orders uknthkiu7pgmnqnu86i2jyoe2v7; Type: CONSTRAINT; Schema: public; Owner: postgres
--

ALTER TABLE ONLY public.orders
    ADD CONSTRAINT uknthkiu7pgmnqnu86i2jyoe2v7 UNIQUE (order_number);


--
-- TOC entry 4812 (class 2606 OID 29990)
-- Name: wishlist ukq85ckb2tlq3h7k56ovtqnjls2; Type: CONSTRAINT; Schema: public; Owner: postgres
--

ALTER TABLE ONLY public.wishlist
    ADD CONSTRAINT ukq85ckb2tlq3h7k56ovtqnjls2 UNIQUE (user_id, product_id);


--
-- TOC entry 4804 (class 2606 OID 29947)
-- Name: users ukr43af9ap4edm43mmtq01oddj6; Type: CONSTRAINT; Schema: public; Owner: postgres
--

ALTER TABLE ONLY public.users
    ADD CONSTRAINT ukr43af9ap4edm43mmtq01oddj6 UNIQUE (username);


--
-- TOC entry 4806 (class 2606 OID 29943)
-- Name: users users_pkey; Type: CONSTRAINT; Schema: public; Owner: postgres
--

ALTER TABLE ONLY public.users
    ADD CONSTRAINT users_pkey PRIMARY KEY (id);


--
-- TOC entry 4814 (class 2606 OID 29986)
-- Name: wishlist wishlist_pkey; Type: CONSTRAINT; Schema: public; Owner: postgres
--

ALTER TABLE ONLY public.wishlist
    ADD CONSTRAINT wishlist_pkey PRIMARY KEY (id);


--
-- TOC entry 4829 (class 1259 OID 30120)
-- Name: idx_auction_amount; Type: INDEX; Schema: public; Owner: postgres
--

CREATE INDEX idx_auction_amount ON public.bids USING btree (auction_id, amount DESC);


--
-- TOC entry 4830 (class 1259 OID 30121)
-- Name: idx_user_bidtime; Type: INDEX; Schema: public; Owner: postgres
--

CREATE INDEX idx_user_bidtime ON public.bids USING btree (user_id, bid_time DESC);


--
-- TOC entry 4840 (class 2606 OID 30097)
-- Name: orders fk32ql8ubntj5uh44ph9659tiih; Type: FK CONSTRAINT; Schema: public; Owner: postgres
--

ALTER TABLE ONLY public.orders
    ADD CONSTRAINT fk32ql8ubntj5uh44ph9659tiih FOREIGN KEY (user_id) REFERENCES public.users(id);


--
-- TOC entry 4842 (class 2606 OID 30127)
-- Name: auctions fk5o1kpvuu8n7sgxm5cpb6fvbxo; Type: FK CONSTRAINT; Schema: public; Owner: postgres
--

ALTER TABLE ONLY public.auctions
    ADD CONSTRAINT fk5o1kpvuu8n7sgxm5cpb6fvbxo FOREIGN KEY (product_id) REFERENCES public.products(id);


--
-- TOC entry 4836 (class 2606 OID 30001)
-- Name: wishlist fk6p7qhvy1bfkri13u29x6pu8au; Type: FK CONSTRAINT; Schema: public; Owner: postgres
--

ALTER TABLE ONLY public.wishlist
    ADD CONSTRAINT fk6p7qhvy1bfkri13u29x6pu8au FOREIGN KEY (product_id) REFERENCES public.products(id);


--
-- TOC entry 4838 (class 2606 OID 30087)
-- Name: order_items fkbioxgbv59vetrxe0ejfubep1w; Type: FK CONSTRAINT; Schema: public; Owner: postgres
--

ALTER TABLE ONLY public.order_items
    ADD CONSTRAINT fkbioxgbv59vetrxe0ejfubep1w FOREIGN KEY (order_id) REFERENCES public.orders(id);


--
-- TOC entry 4845 (class 2606 OID 30137)
-- Name: bids fkbm89m2gow82dotpnlcp7t3p5f; Type: FK CONSTRAINT; Schema: public; Owner: postgres
--

ALTER TABLE ONLY public.bids
    ADD CONSTRAINT fkbm89m2gow82dotpnlcp7t3p5f FOREIGN KEY (auction_id) REFERENCES public.auctions(id);


--
-- TOC entry 4841 (class 2606 OID 30102)
-- Name: tracking_steps fkbqgfg8du0h6687m3eg77gqagm; Type: FK CONSTRAINT; Schema: public; Owner: postgres
--

ALTER TABLE ONLY public.tracking_steps
    ADD CONSTRAINT fkbqgfg8du0h6687m3eg77gqagm FOREIGN KEY (order_id) REFERENCES public.orders(id);


--
-- TOC entry 4847 (class 2606 OID 30155)
-- Name: chat_message fkd3oo2bhroe16913kh5pwtgk3h; Type: FK CONSTRAINT; Schema: public; Owner: postgres
--

ALTER TABLE ONLY public.chat_message
    ADD CONSTRAINT fkd3oo2bhroe16913kh5pwtgk3h FOREIGN KEY (user_id) REFERENCES public.users(id);


--
-- TOC entry 4834 (class 2606 OID 29996)
-- Name: cart fkg5uhi8vpsuy0lgloxk2h4w5o6; Type: FK CONSTRAINT; Schema: public; Owner: postgres
--

ALTER TABLE ONLY public.cart
    ADD CONSTRAINT fkg5uhi8vpsuy0lgloxk2h4w5o6 FOREIGN KEY (user_id) REFERENCES public.users(id);


--
-- TOC entry 4843 (class 2606 OID 30132)
-- Name: auctions fkgueiqsr3d7x8kgdfva3ul8km2; Type: FK CONSTRAINT; Schema: public; Owner: postgres
--

ALTER TABLE ONLY public.auctions
    ADD CONSTRAINT fkgueiqsr3d7x8kgdfva3ul8km2 FOREIGN KEY (winner_id) REFERENCES public.users(id);


--
-- TOC entry 4833 (class 2606 OID 29958)
-- Name: user_roles fkhfh9dx7w3ubf1co1vdev94g3f; Type: FK CONSTRAINT; Schema: public; Owner: postgres
--

ALTER TABLE ONLY public.user_roles
    ADD CONSTRAINT fkhfh9dx7w3ubf1co1vdev94g3f FOREIGN KEY (user_id) REFERENCES public.users(id);


--
-- TOC entry 4844 (class 2606 OID 30122)
-- Name: auctions fkjqhm49tx6e1klyxrmdnqonub7; Type: FK CONSTRAINT; Schema: public; Owner: postgres
--

ALTER TABLE ONLY public.auctions
    ADD CONSTRAINT fkjqhm49tx6e1klyxrmdnqonub7 FOREIGN KEY (created_by) REFERENCES public.users(id);


--
-- TOC entry 4846 (class 2606 OID 30142)
-- Name: bids fkmb21nl8gr3srgnlch3s18oqv9; Type: FK CONSTRAINT; Schema: public; Owner: postgres
--

ALTER TABLE ONLY public.bids
    ADD CONSTRAINT fkmb21nl8gr3srgnlch3s18oqv9 FOREIGN KEY (user_id) REFERENCES public.users(id);


--
-- TOC entry 4839 (class 2606 OID 30092)
-- Name: order_items fkocimc7dtr037rh4ls4l95nlfi; Type: FK CONSTRAINT; Schema: public; Owner: postgres
--

ALTER TABLE ONLY public.order_items
    ADD CONSTRAINT fkocimc7dtr037rh4ls4l95nlfi FOREIGN KEY (product_id) REFERENCES public.products(id);


--
-- TOC entry 4835 (class 2606 OID 29991)
-- Name: cart fkpu4bcbluhsxagirmbdn7dilm5; Type: FK CONSTRAINT; Schema: public; Owner: postgres
--

ALTER TABLE ONLY public.cart
    ADD CONSTRAINT fkpu4bcbluhsxagirmbdn7dilm5 FOREIGN KEY (product_id) REFERENCES public.products(id);


--
-- TOC entry 4837 (class 2606 OID 30006)
-- Name: wishlist fktrd6335blsefl2gxpb8lr0gr7; Type: FK CONSTRAINT; Schema: public; Owner: postgres
--

ALTER TABLE ONLY public.wishlist
    ADD CONSTRAINT fktrd6335blsefl2gxpb8lr0gr7 FOREIGN KEY (user_id) REFERENCES public.users(id);


-- Completed on 2026-02-26 15:41:37

--
-- PostgreSQL database dump complete
--

